<?xml version="1.0" encoding="UTF-8"?>
<beans xmlns="http://www.springframework.org/schema/beans"
       xmlns:xsi="http://www.w3.org/2001/XMLSchema-instance"

       xsi:schemaLocation="http://www.springframework.org/schema/beans http://www.springframework.org/schema/beans/spring-beans-4.0.xsd
">
    <!-- scope prototype is required only for giving dynamic values -->
<bean id="e" class="com.eg.Employee" scope="prototype">  
<!-- prototype, singleton, request, session, globalSession -->
<constructor-arg value="10" type="int" ></constructor-arg>   
<property name="name">  
<value>Kumar</value>  
</property>  
</bean>
<!--  bean id="mail" class="XyzEMail" scope="singleton" -->  
<bean id="mail" class="com.eg.XyzEMail" scope="singleton">  
</bean>
</beans>
